urls,location
https://www.spendwithpennies.com/,", New Jersey, United States"
https://www.simplyrecipes.com/,United States
https://thestayathomechef.com/,", Utah, United States"
https://cookiesandcups.com/,"New Jersey, United States"
https://barefeetinthekitchen.com/,"Phoenix, Arizona, United States"
https://thesouthernladycooks.com/,"Frankfort, "
https://ohsweetbasil.com/,", Utah, United States"
https://panlasangpinoy.com/,"Chicago, Illinois, United States"
https://damndelicious.net/,Korea
https://leitesculinaria.com/,"New York, United States"
https://www.inspiredtaste.net/,", Washington, United States"
https://www.feastingathome.com/,United States
https://smittenkitchen.com/,", New York, United States"
https://bromabakery.com/,"Detroit, Michigan, United States"
https://www.koreanbapsang.com/,"Washington, District Of Columbia, United States"
https://www.mexicoinmykitchen.com/,"Dallas, Texas, United States"
https://whatsgabycooking.com/,"Los Angeles, California, United States"
https://www.kitchensanctuary.com/,", England, United Kingdom"
https://www.macheesmo.com/,"Denver, Colorado, United States"
https://www.manusmenu.com/,"Sydney, New South Wales, Australia"
https://laurenslatest.com/,"New York, United States"
https://www.rachelcooks.com/,", Michigan, United States"
https://www.homecookingadventure.com/,United States
https://www.tastecooking.com/,"New York, United States"
https://www.simplyscratch.com/,"Detroit, Michigan, United States"
https://www.fromvalerieskitchen.com/,"California, United States"
https://www.seductioninthekitchen.com/,"Cleveland, "
https://www.dadcooksdinner.com/,"Copley, England, United Kingdom"
https://www.reluctantgourmet.com/,"Philadelphia, Pennsylvania, United States"
https://www.vickypham.com/,"California, United States"
https://www.sooperchef.pk/blog/,NOT AVAILABLE
https://thecookingjar.com/,"Florida, United States"
https://www.homesicktexan.com/,"New York, United States"
https://recipefairy.com/,NOT AVAILABLE
https://www.mydiasporakitchen.com/,NOT AVAILABLE
https://cookingwithsapana.com/,"Waterford, Ireland"
https://simplyhomecooked.com/,United States
https://www.thefoodblog.net/,", British Columbia, Canada"
https://www.prouditaliancook.com/,"Chicago, Illinois, United States"
https://www.savorysimple.net/blog/,"Washington, District Of Columbia, United States"
https://homegrownhappiness.co.nz/category/sourdough/,"Wellington, New Zealand"
https://jovinacooksitalian.com/,"Alabama, United States"
https://ktchndad.com/,"Gainesville, FL"
https://www.rohtopia.com/homepage/,NOT AVAILABLE
https://watchlearneat.com/,"Florida, United States"
https://www.thehomecookskitchen.com/,"Portland, Oregon, United States"
https://www.kitchennostalgia.com/,NOT AVAILABLE
https://cookingwithnanaling.com/,Australia
http://www.maryellenscookingcreations.com/,"Philadelphia, Pennsylvania, United States"
http://dingoozatfood.blogspot.com/,Singapore
http://www.foodcanon.com/,Singapore
https://yummybeet.com/,"Hamilton, Ontario, Canada"
https://www.canningandcookingathome.com/dianes-blog,NOT AVAILABLE
http://lisaiscooking.blogspot.com/,"Austin, Texas, United States"
http://kathyredmonsblog.blogspot.com/,NOT AVAILABLE
https://mommyshomecooking.com/,"Washington, District Of Columbia, United States"
http://simpledelicioussouthernfood.blogspot.com/,"Alabama, United States"
https://cookingatclarktowers.com/,"Peterborough, New Hampshire, United States"
https://mymomside.com/,"Minneapolis, Minnesota, United States"
https://tasteofhomecooking.blogspot.com/,"Pennsylvania, United States"
https://recipestotherescue.blogspot.com/,"Vancouver, British Columbia, Canada"
http://thebachelorscookhouse.blogspot.com/,United States
https://italianhomecooking.co.uk/,United Kingdom
http://www.thehealthyhomecook.com/,"San Diego, California, United States"
http://www.latestrecipes.net/,NOT AVAILABLE
https://mommycookforme.wordpress.com/,NOT AVAILABLE
http://angiesrecipes.blogspot.com/,NOT AVAILABLE
http://barbbrinker.blogspot.com/,NOT AVAILABLE
https://www.dimpledkitchen.com/,"Alaska, United States"
https://joannsfoodforthought.wordpress.com/,"California, United States"
https://reciperealities.net/,"Knoxville, Tennessee, United States"
https://simplycooking101.wordpress.com/,"Las Vegas, Nevada, United States"
http://gentianeetantoine.com/igk/,NOT AVAILABLE
https://theaspiringhomecook.com/,"Sydney, New South Wales, Australia"
https://kimikoskitchen.wordpress.com/,"Wakayama, Japan"
